market_id,related_market_id,candidate_rank,candidate_score,family_alignment_score,category_overlap_score,semantic_similarity_score,time_horizon_overlap_score,quick_return_correlation,market_primary_family,candidate_primary_family,shared_families,cross_family_link,cluster_ids,shared_terms,overlap_points,overlap_start,overlap_end,price_level_correlation,return_correlation,rolling_corr_mean,rolling_corr_max_abs,lead_lag_best_lag,lead_lag_direction,lead_lag_best_corr,shock_windows,shock_same_direction_ratio,shock_avg_partner_move,spread_volatility,spread_change_volatility,beta,intercept,latest_residual,latest_residual_zscore,comovement_score
CORE-CPI-JUN-2026-ABOVE-3_5,CPI-MAY-2026-HOT,1,0.8221,1.0,1.0,0.6748,0.6583,0.5939,inflation,inflation,inflation|interest rates,False,cluster_003,cpi|inflation|interest|print|rates|release,160,2026-01-01T00:00:00Z,2026-06-09T00:00:00Z,0.9716,0.5939,0.097,0.9939,3,primary_leads,0.6039,32,0.75,0.0077,0.021327,0.030267,0.936423,0.027918,-0.008538,-0.4156,0.6432
CORE-CPI-JUN-2026-ABOVE-3_5,CORE-PCE-JUL-2026-ABOVE-3,2,0.7887,1.0,1.0,0.587,0.6182,0.5755,inflation,inflation,inflation,False,cluster_003,core|inflation|print|release,160,2026-01-01T00:00:00Z,2026-06-09T00:00:00Z,0.9668,0.5755,0.2275,0.9562,3,primary_leads,0.5861,32,0.6562,0.0079,0.024981,0.030513,0.8303,0.083981,-0.024567,-1.2432,0.6024
CORE-CPI-JUN-2026-ABOVE-3_5,US10Y-Q2-2026-ABOVE-4_5,3,0.5595,1.0,0.16,0.3338,0.8384,0.5849,inflation,monetary policy,interest rates,False,,interest|rates,160,2026-01-01T00:00:00Z,2026-06-09T00:00:00Z,0.9159,0.5849,0.1243,0.9925,3,primary_leads,0.5982,32,0.5625,0.0098,0.039452,0.031962,0.999906,0.02504,-0.013987,-0.3545,0.5815
CORE-CPI-JUN-2026-ABOVE-3_5,FED-JUN-2026-HIKE,4,0.5084,1.0,0.16,0.2072,0.719,0.6296,inflation,federal reserve,interest rates,False,,interest|rates,160,2026-01-01T00:00:00Z,2026-06-09T00:00:00Z,0.9313,0.6296,0.2276,0.99,3,primary_leads,0.644,32,0.625,0.0105,0.032894,0.02943,0.84072,0.080604,-0.035598,-1.2025,0.6318
CORE-CPI-JUN-2026-ABOVE-3_5,US2Y-Q3-2026-ABOVE-4_75,5,0.5067,1.0,0.16,0.3077,0.4737,0.6605,inflation,monetary policy,interest rates,False,,interest|rates,160,2026-01-01T00:00:00Z,2026-06-09T00:00:00Z,0.8881,0.6605,0.2503,0.9867,3,primary_leads,0.6817,32,0.7188,0.0079,0.048634,0.029185,1.04073,-0.000247,-0.016847,-0.3474,0.6833
CORE-PCE-JUL-2026-ABOVE-3,CORE-CPI-JUN-2026-ABOVE-3_5,1,0.7887,1.0,1.0,0.587,0.6182,0.5755,inflation,inflation,inflation,False,cluster_003,core|inflation|print|release,160,2026-01-01T00:00:00Z,2026-06-09T00:00:00Z,0.9668,0.5755,0.2275,0.9562,3,primary_leads,0.5861,32,0.75,0.0064,0.024981,0.030513,1.125743,-0.053895,0.031723,1.3786,0.6305
CORE-PCE-JUL-2026-ABOVE-3,CPI-MAY-2026-HOT,2,0.7356,1.0,1.0,0.4965,0.4464,0.5523,inflation,inflation,inflation,False,cluster_003,inflation|print|release,160,2026-01-01T00:00:00Z,2026-06-09T00:00:00Z,0.9695,0.5523,0.1635,0.9731,3,primary_leads,0.5804,32,0.6875,0.0031,0.02232,0.029669,1.088089,-0.042929,0.020247,0.9525,0.5999
CORE-PCE-JUL-2026-ABOVE-3,WAGE-GROWTH-AUG-2026-ABOVE-4,3,0.5239,1.0,0.26,0.156,0.9196,0.3899,inflation,inflation,inflation,False,cluster_003,inflation,160,2026-01-01T00:00:00Z,2026-06-09T00:00:00Z,0.8373,0.3899,0.1464,0.965,3,primary_leads,0.404,32,0.5938,0.001,0.042384,0.032481,0.668922,0.190177,-0.033993,-1.0064,0.4546
CORE-PCE-JUL-2026-ABOVE-3,FED-SEP-2026-CUT,4,0.4938,1.0,0.16,0.2744,0.7976,0.0573,inflation,federal reserve,federal reserve,False,,federal|reserve,160,2026-01-01T00:00:00Z,2026-06-09T00:00:00Z,-0.3923,0.0573,0.1728,0.8664,1,primary_leads,0.0588,32,0.3438,-0.0001,0.142875,0.040499,-0.474674,0.622382,0.033302,0.3869,0.1436
CORE-PCE-JUL-2026-ABOVE-3,FED-DEC-2026-TERMINAL-ABOVE-5,5,0.46,1.0,0.16,0.2269,0.4148,0.4834,inflation,federal reserve,federal reserve,False,,federal|reserve,160,2026-01-01T00:00:00Z,2026-06-09T00:00:00Z,0.9157,0.4834,0.1074,0.9319,2,primary_leads,0.4856,32,0.6562,0.0028,0.033387,0.031605,0.983307,0.012119,-0.046446,-1.3922,0.5358
CPI-MAY-2026-HOT,CORE-CPI-JUN-2026-ABOVE-3_5,1,0.8208,1.0,1.0,0.6704,0.6583,0.5939,inflation,inflation,inflation|interest rates,False,cluster_003,cpi|inflation|interest|print|rates|release,160,2026-01-01T00:00:00Z,2026-06-09T00:00:00Z,0.9716,0.5939,0.097,0.9939,3,primary_leads,0.6039,32,0.6562,0.005,0.021327,0.030267,1.008059,0.006736,0.012097,0.5675,0.6151
CPI-MAY-2026-HOT,CORE-PCE-JUL-2026-ABOVE-3,2,0.7356,1.0,1.0,0.4965,0.4464,0.5523,inflation,inflation,inflation,False,cluster_003,inflation|print|release,160,2026-01-01T00:00:00Z,2026-06-09T00:00:00Z,0.9695,0.5523,0.1635,0.9731,3,primary_leads,0.5804,32,0.7188,0.0095,0.02232,0.029669,0.86392,0.073124,-0.015863,-0.8376,0.6093
CPI-MAY-2026-HOT,US10Y-Q2-2026-ABOVE-4_5,3,0.5729,1.0,0.24,0.3469,0.7704,0.6024,inflation,monetary policy,interest rates,False,,interest|rates|year,160,2026-01-01T00:00:00Z,2026-06-09T00:00:00Z,0.9079,0.6024,0.1747,0.9952,3,primary_leads,0.605,32,0.5938,0.0079,0.041274,0.03006,1.028387,0.019301,-0.002908,-0.0706,0.6004
CPI-MAY-2026-HOT,US2Y-Q3-2026-ABOVE-4_75,4,0.5203,1.0,0.24,0.3473,0.3601,0.6606,inflation,monetary policy,interest rates,False,,interest|rates|year,160,2026-01-01T00:00:00Z,2026-06-09T00:00:00Z,0.8755,0.6606,0.307,0.9681,3,primary_leads,0.6772,32,0.8125,0.0058,0.051287,0.028135,1.064497,-0.002632,-0.005023,-0.0985,0.7103
CPI-MAY-2026-HOT,WAGE-GROWTH-AUG-2026-ABOVE-4,5,0.515,1.0,0.42,0.1981,0.4247,0.5459,inflation,inflation,inflation,False,cluster_003,inflation|over|year,160,2026-01-01T00:00:00Z,2026-06-09T00:00:00Z,0.8434,0.5459,0.2624,0.9742,1,primary_leads,0.555,32,0.75,0.0022,0.048004,0.02872,0.600403,0.225344,-0.045725,-1.3777,0.6094
CURVE-Q4-2026-STEEPEN,US2Y-Q3-2026-ABOVE-4_75,1,0.6963,1.0,1.0,0.4563,0.4696,0.1707,economic growth,monetary policy,interest rates,False,,interest|rates|treasury|year|yield|yields,160,2026-01-01T00:00:00Z,2026-06-09T00:00:00Z,0.139,0.1707,0.223,0.9459,2,primary_leads,0.1859,32,0.6562,0.0093,0.136649,0.041399,0.14283,0.587244,0.047759,0.457,0.3202
CURVE-Q4-2026-STEEPEN,US10Y-Q2-2026-ABOVE-4_5,2,0.6737,1.0,1.0,0.459,0.2802,0.2094,economic growth,monetary policy,interest rates,False,,10y|interest|rates|treasury|year|yield|yields,160,2026-01-01T00:00:00Z,2026-06-09T00:00:00Z,0.1095,0.2094,0.2292,0.8564,3,primary_leads,0.2212,32,0.7188,0.0049,0.13418,0.039978,0.104826,0.603177,0.048133,0.4926,0.3652
CURVE-Q4-2026-STEEPEN,RECESSION-BY-2026-END,3,0.6138,1.0,0.42,0.3598,0.8511,0.4285,economic growth,economic growth,economic growth,False,cluster_001,economic|growth|outlook,160,2026-01-01T00:00:00Z,2026-06-09T00:00:00Z,0.9124,0.4285,0.1857,0.8295,3,primary_leads,0.4711,32,0.8438,-0.0022,0.080451,0.033423,1.441674,-0.1995,0.076841,1.1566,0.5637
CURVE-Q4-2026-STEEPEN,SOFT-LANDING-THROUGH-2026,4,0.5795,1.0,0.42,0.3188,0.8511,-0.1539,economic growth,economic growth,economic growth,False,cluster_001,economic|growth|outlook,160,2026-01-01T00:00:00Z,2026-06-09T00:00:00Z,-0.8823,-0.1539,0.1212,0.9759,3,primary_leads,-0.1858,32,0.4062,0.007,0.220395,0.043506,-1.068349,0.949618,-0.063416,-1.0831,0.2376
CURVE-Q4-2026-STEEPEN,GDP-Q4-2026-NEGATIVE,5,0.5187,1.0,0.16,0.2668,0.7527,0.4756,economic growth,economic growth,economic growth,False,cluster_001,economic|growth,160,2026-01-01T00:00:00Z,2026-06-09T00:00:00Z,0.8981,0.4756,0.2174,0.9647,3,primary_leads,0.491,32,0.9062,0.0075,0.07977,0.031635,1.381359,-0.190636,0.019649,0.2828,0.6086
FED-DEC-2026-TERMINAL-ABOVE-5,FED-SEP-2026-CUT,1,0.7151,1.0,1.0,0.5535,0.4665,-0.0468,federal reserve,federal reserve,federal reserve|interest rates|monetary policy,False,cluster_002,fed|federal|interest|meeting|monetary|policy|rate|rates,160,2026-01-01T00:00:00Z,2026-06-09T00:00:00Z,-0.4291,-0.0468,-0.0593,0.913,0,synchronous,-0.0468,32,0.375,-0.0017,0.149393,0.043174,-0.483479,0.628683,0.010866,0.1286,0.1452
FED-DEC-2026-TERMINAL-ABOVE-5,FED-JUN-2026-HIKE,2,0.6623,1.0,1.0,0.3299,0.2717,0.5663,federal reserve,federal reserve,federal reserve|interest rates|monetary policy,False,cluster_002,fed|federal|interest|meeting|monetary|policy|rate|rates,160,2026-01-01T00:00:00Z,2026-06-09T00:00:00Z,0.9712,0.5663,0.1466,0.9927,1,primary_leads,0.5724,32,0.6562,0.0025,0.019804,0.030195,0.95068,0.030757,0.035543,1.8344,0.5948
FED-DEC-2026-TERMINAL-ABOVE-5,US2Y-Q3-2026-ABOVE-4_75,3,0.6016,1.0,0.5,0.3742,0.5121,0.5957,federal reserve,monetary policy,interest rates|monetary policy,False,,interest|monetary|policy|rates,160,2026-01-01T00:00:00Z,2026-06-09T00:00:00Z,0.9363,0.5957,0.0783,0.9961,2,primary_leads,0.6046,32,0.625,0.0066,0.040279,0.030491,1.189718,-0.069711,0.071473,1.928,0.6067
FED-DEC-2026-TERMINAL-ABOVE-5,US10Y-Q2-2026-ABOVE-4_5,4,0.5704,1.0,0.5,0.3977,0.2951,0.4974,federal reserve,monetary policy,interest rates|monetary policy,False,,interest|monetary|policy|rates,160,2026-01-01T00:00:00Z,2026-06-09T00:00:00Z,0.9413,0.4974,0.0232,0.9836,3,primary_leads,0.5049,32,0.5625,0.0082,0.034517,0.033545,1.114318,-0.024377,0.070301,2.1184,0.5188
FED-DEC-2026-TERMINAL-ABOVE-5,CORE-PCE-JUL-2026-ABOVE-3,5,0.4988,1.0,0.16,0.3558,0.4157,0.4834,federal reserve,inflation,federal reserve,False,,federal|reserve,160,2026-01-01T00:00:00Z,2026-06-09T00:00:00Z,0.9157,0.4834,0.1074,0.9319,2,primary_leads,0.4856,32,0.5625,0.0055,0.033387,0.031605,0.852833,0.086641,0.043992,1.4159,0.5077
FED-JUN-2026-HIKE,FED-SEP-2026-CUT,1,0.7576,1.0,1.0,0.7134,0.4162,-0.0667,federal reserve,federal reserve,federal reserve|interest rates|monetary policy,False,cluster_002,fed|federal|fomc|interest|meeting|monetary|policy|rate,160,2026-01-01T00:00:00Z,2026-06-09T00:00:00Z,-0.4043,-0.0667,-0.1116,0.9171,3,primary_leads,-0.069,32,0.375,0.0028,0.146671,0.045044,-0.465366,0.618237,0.028217,0.3297,0.1597
FED-JUN-2026-HIKE,FED-DEC-2026-TERMINAL-ABOVE-5,2,0.6888,1.0,1.0,0.4183,0.2717,0.5663,federal reserve,federal reserve,federal reserve|interest rates|monetary policy,False,cluster_002,fed|federal|interest|meeting|monetary|policy|rate|rates,160,2026-01-01T00:00:00Z,2026-06-09T00:00:00Z,0.9712,0.5663,0.1466,0.9927,1,primary_leads,0.5724,32,0.5938,0.0062,0.019804,0.030195,0.992116,0.003741,-0.036385,-1.8382,0.576
FED-JUN-2026-HIKE,US10Y-Q2-2026-ABOVE-4_5,3,0.6278,1.0,0.5,0.3106,0.84,0.5873,federal reserve,monetary policy,interest rates|monetary policy,False,,interest|monetary|policy|rates,160,2026-01-01T00:00:00Z,2026-06-09T00:00:00Z,0.9467,0.5873,0.1797,0.9954,3,primary_leads,0.5905,32,0.5312,0.0045,0.033793,0.031161,1.144838,-0.043946,0.029098,0.9186,0.5713
FED-JUN-2026-HIKE,US2Y-Q3-2026-ABOVE-4_75,4,0.566,1.0,0.5,0.3111,0.3809,0.6171,federal reserve,monetary policy,interest rates|monetary policy,False,,interest|monetary|policy|rates,160,2026-01-01T00:00:00Z,2026-06-09T00:00:00Z,0.9396,0.6171,0.1893,0.9906,2,primary_leads,0.636,32,0.5625,0.0031,0.040286,0.030339,1.219737,-0.089056,0.027525,0.7622,0.6055
FED-JUN-2026-HIKE,CPI-MAY-2026-HOT,5,0.5458,1.0,0.16,0.2514,0.9113,0.5954,federal reserve,inflation,interest rates,False,,interest|rates,160,2026-01-01T00:00:00Z,2026-06-09T00:00:00Z,0.9167,0.5954,0.221,0.9816,3,primary_leads,0.6062,32,0.5625,0.004,0.034723,0.029366,0.978751,0.019721,0.033376,0.9624,0.5882
FED-SEP-2026-CUT,FED-JUN-2026-HIKE,1,0.6745,1.0,1.0,0.4362,0.4162,-0.0667,federal reserve,federal reserve,federal reserve|interest rates|monetary policy,False,cluster_002,fed|federal|fomc|interest|meeting|monetary|policy|rate,160,2026-01-01T00:00:00Z,2026-06-09T00:00:00Z,-0.4043,-0.0667,-0.1116,0.9171,3,primary_leads,-0.069,32,0.4375,0.0054,0.146671,0.045044,-0.351245,0.722377,0.023934,0.3219,0.1785
FED-SEP-2026-CUT,FED-DEC-2026-TERMINAL-ABOVE-5,2,0.643,1.0,1.0,0.3131,0.4665,-0.0468,federal reserve,federal reserve,federal reserve|interest rates|monetary policy,False,cluster_002,fed|federal|interest|meeting|monetary|policy|rate|rates,160,2026-01-01T00:00:00Z,2026-06-09T00:00:00Z,-0.4291,-0.0468,-0.0593,0.913,0,synchronous,-0.0468,32,0.5,0.0054,0.149393,0.043174,-0.380822,0.731329,-0.01198,-0.1597,0.1827
FED-SEP-2026-CUT,US2Y-Q3-2026-ABOVE-4_75,3,0.5764,1.0,0.5,0.2924,0.8441,-0.0066,federal reserve,monetary policy,interest rates|monetary policy,False,,interest|monetary|policy|rates,160,2026-01-01T00:00:00Z,2026-06-09T00:00:00Z,-0.3481,-0.0066,-0.0739,0.8807,3,primary_leads,-0.0097,32,0.4375,0.0057,0.163593,0.045726,-0.392556,0.77996,0.055985,0.566,0.1366
FED-SEP-2026-CUT,US10Y-Q2-2026-ABOVE-4_5,4,0.5252,1.0,0.5,0.2921,0.4656,-0.0294,federal reserve,monetary policy,interest rates|monetary policy,False,,interest|monetary|policy|rates,160,2026-01-01T00:00:00Z,2026-06-09T00:00:00Z,-0.3629,-0.0294,-0.062,0.8721,0,synchronous,-0.0294,32,0.4062,0.0067,0.158415,0.045713,-0.381326,0.776048,0.056073,0.6121,0.1425
FED-SEP-2026-CUT,CORE-PCE-JUL-2026-ABOVE-3,5,0.4906,1.0,0.16,0.2608,0.8041,0.0573,federal reserve,inflation,federal reserve,False,,federal|reserve,160,2026-01-01T00:00:00Z,2026-06-09T00:00:00Z,-0.3923,0.0573,0.1728,0.8664,1,primary_leads,0.0588,32,0.6562,0.0058,0.142875,0.040499,-0.324275,0.710174,0.033765,0.4747,0.2373
GDP-Q3-2026-ABOVE-2_5,GDP-Q4-2026-NEGATIVE,1,0.7596,1.0,1.0,0.6115,0.4807,-0.3602,economic growth,economic growth,economic growth,False,cluster_001,advance|economic|estimate|gdp|growth|real,160,2026-01-01T00:00:00Z,2026-06-09T00:00:00Z,-0.9357,-0.3602,-0.0909,0.9177,1,primary_leads,-0.3627,32,0.1875,-0.0018,0.256902,0.050909,-1.436239,1.151625,-0.083809,-1.5035,0.309
GDP-Q3-2026-ABOVE-2_5,SOFT-LANDING-THROUGH-2026,2,0.679,1.0,1.0,0.3084,0.5147,0.4307,economic growth,economic growth,economic growth,False,cluster_001,economic|growth,160,2026-01-01T00:00:00Z,2026-06-09T00:00:00Z,0.962,0.4307,0.1173,0.9539,1,primary_leads,0.4331,32,0.7812,0.0044,0.037853,0.030872,1.1625,-0.115801,0.020398,0.6007,0.5365
GDP-Q3-2026-ABOVE-2_5,RECESSION-BY-2026-END,3,0.6763,1.0,1.0,0.3101,0.5147,-0.3903,economic growth,economic growth,economic growth,False,cluster_001,economic|growth,160,2026-01-01T00:00:00Z,2026-06-09T00:00:00Z,-0.9345,-0.3903,-0.0904,0.8253,0,synchronous,-0.3903,32,0.1875,0.0038,0.261099,0.052046,-1.473615,1.187987,-0.029274,-0.5068,0.3295
GDP-Q3-2026-ABOVE-2_5,UNEMPLOYMENT-SEP-2026-ABOVE-4_5,4,0.5289,1.0,0.24,0.2682,0.7477,-0.3867,economic growth,labor market,economic growth,False,,economic|growth|print,160,2026-01-01T00:00:00Z,2026-06-09T00:00:00Z,-0.9099,-0.3867,-0.0938,0.8815,0,synchronous,-0.3867,32,0.1875,-0.0002,0.233665,0.050705,-1.202776,1.008527,-0.019435,-0.3444,0.3269
GDP-Q3-2026-ABOVE-2_5,LFPR-SEP-2026-ABOVE-62_8,5,0.5169,1.0,0.24,0.2294,0.7477,0.3831,economic growth,labor market,economic growth,False,,economic|growth|print,160,2026-01-01T00:00:00Z,2026-06-09T00:00:00Z,0.9394,0.3831,0.1804,0.9213,1,primary_leads,0.3919,32,0.7188,0.0038,0.047841,0.030098,0.58767,0.208698,0.009726,0.4406,0.486
GDP-Q4-2026-NEGATIVE,RECESSION-BY-2026-END,1,0.763,1.0,1.0,0.3725,0.8689,0.62,economic growth,economic growth,economic growth,False,cluster_001,economic|growth|recession,160,2026-01-01T00:00:00Z,2026-06-09T00:00:00Z,0.9904,0.62,0.2527,0.9722,1,primary_leads,0.628,32,0.9062,-0.0027,0.022662,0.029353,1.017393,0.009785,0.056903,2.5296,0.7079
GDP-Q4-2026-NEGATIVE,GDP-Q3-2026-ABOVE-2_5,2,0.7604,1.0,1.0,0.6138,0.482,-0.3602,economic growth,economic growth,economic growth,False,cluster_001,advance|economic|estimate|gdp|growth|real,160,2026-01-01T00:00:00Z,2026-06-09T00:00:00Z,-0.9357,-0.3602,-0.0909,0.9177,1,primary_leads,-0.3627,32,0.25,0.0062,0.256902,0.050909,-0.609599,0.767769,-0.060233,-1.6585,0.3278
GDP-Q4-2026-NEGATIVE,SOFT-LANDING-THROUGH-2026,3,0.7387,1.0,1.0,0.3445,0.8689,-0.4218,economic growth,economic growth,economic growth,False,cluster_001,economic|growth|recession,160,2026-01-01T00:00:00Z,2026-06-09T00:00:00Z,-0.9683,-0.4218,-0.1401,0.8907,0,synchronous,-0.4218,32,0.1875,0.0062,0.280181,0.053029,-0.762338,0.79783,-0.048459,-1.5606,0.3515
GDP-Q4-2026-NEGATIVE,CURVE-Q4-2026-STEEPEN,4,0.487,1.0,0.16,0.1586,0.7581,0.4756,economic growth,economic growth,economic growth,False,cluster_001,economic|growth,160,2026-01-01T00:00:00Z,2026-06-09T00:00:00Z,0.8981,0.4756,0.2174,0.9647,3,primary_leads,0.491,32,0.7188,-0.0056,0.07977,0.031635,0.583909,0.193041,-0.011188,-0.2476,0.5524
GDP-Q4-2026-NEGATIVE,UNEMPLOYMENT-SEP-2026-ABOVE-4_5,5,0.4509,1.0,0.16,0.1599,0.4173,0.6157,economic growth,labor market,economic growth,False,,economic|growth,160,2026-01-01T00:00:00Z,2026-06-09T00:00:00Z,0.9429,0.6157,0.252,0.9684,2,primary_leads,0.624,32,0.9375,-0.0047,0.054182,0.028872,0.811994,0.054105,0.051303,1.1322,0.7143
LFPR-SEP-2026-ABOVE-62_8,UNEMPLOYMENT-SEP-2026-ABOVE-4_5,1,0.7812,1.0,1.0,0.4714,1.0,-0.2473,labor market,labor market,economic growth|jobs|labor market,False,cluster_004,economic|growth|jobs|labor|market|print|report,160,2026-01-01T00:00:00Z,2026-06-09T00:00:00Z,-0.9109,-0.2473,-0.041,0.9486,1,primary_leads,-0.258,32,0.1562,0.0078,0.196525,0.046204,-1.924599,1.372293,0.004554,0.0811,0.2227
LFPR-SEP-2026-ABOVE-62_8,PAYROLLS-AUG-2026-ABOVE-225K,2,0.7189,1.0,1.0,0.3487,0.7354,0.3923,labor market,labor market,economic growth|jobs|labor market,False,cluster_004,economic|growth|jobs|labor|market|print|report,160,2026-01-01T00:00:00Z,2026-06-09T00:00:00Z,0.9492,0.3923,0.1919,0.9408,1,primary_leads,0.4022,32,0.7812,0.0001,0.044997,0.031979,1.493382,-0.210463,-0.048235,-1.5138,0.5114
LFPR-SEP-2026-ABOVE-62_8,WAGE-GROWTH-AUG-2026-ABOVE-4,3,0.6531,1.0,1.0,0.2229,0.7354,-0.0405,labor market,inflation,jobs|labor market,False,,growth|jobs|labor|market|report,160,2026-01-01T00:00:00Z,2026-06-09T00:00:00Z,0.3139,-0.0405,-0.1313,0.9368,2,primary_leads,-0.0453,32,0.4375,0.0001,0.073935,0.038726,0.301116,0.435786,-0.005766,-0.0983,0.1608
LFPR-SEP-2026-ABOVE-62_8,GDP-Q3-2026-ABOVE-2_5,4,0.5626,1.0,0.24,0.3817,0.7477,0.3831,labor market,economic growth,economic growth,False,,economic|growth|print,160,2026-01-01T00:00:00Z,2026-06-09T00:00:00Z,0.9394,0.3831,0.1804,0.9213,1,primary_leads,0.3919,32,0.7812,-0.0001,0.047841,0.030098,1.501674,-0.251331,-0.023237,-0.6585,0.5047
LFPR-SEP-2026-ABOVE-62_8,RECESSION-BY-2026-END,5,0.4604,1.0,0.16,0.2557,0.4405,-0.3358,labor market,economic growth,economic growth,False,,economic|growth,160,2026-01-01T00:00:00Z,2026-06-09T00:00:00Z,-0.8868,-0.3358,-0.1813,0.9393,1,primary_leads,-0.3519,32,0.25,0.0028,0.221432,0.049061,-2.235285,1.569978,0.00422,0.0563,0.3141
PAYROLLS-AUG-2026-ABOVE-225K,LFPR-SEP-2026-ABOVE-62_8,1,0.7281,1.0,1.0,0.3791,0.7354,0.3923,labor market,labor market,economic growth|jobs|labor market,False,cluster_004,economic|growth|jobs|labor|market|print|report,160,2026-01-01T00:00:00Z,2026-06-09T00:00:00Z,0.9492,0.3923,0.1919,0.9408,1,primary_leads,0.4022,32,0.8125,0.0008,0.044997,0.031979,0.603378,0.178339,0.025796,1.2736,0.5208
PAYROLLS-AUG-2026-ABOVE-225K,UNEMPLOYMENT-SEP-2026-ABOVE-4_5,2,0.7194,1.0,1.0,0.3598,0.7354,-0.3562,labor market,labor market,economic growth|jobs|labor market,False,cluster_004,economic|growth|jobs|labor|market|print|report,160,2026-01-01T00:00:00Z,2026-06-09T00:00:00Z,-0.9067,-0.3562,-0.1382,0.8935,0,synchronous,-0.3562,32,0.1875,0.015,0.231892,0.052792,-1.217778,1.060978,-0.050641,-0.8825,0.3056
PAYROLLS-AUG-2026-ABOVE-225K,WAGE-GROWTH-AUG-2026-ABOVE-4,3,0.7159,1.0,1.0,0.245,1.0,0.2797,labor market,inflation,jobs|labor market,False,,growth|jobs|labor|market|report,160,2026-01-01T00:00:00Z,2026-06-09T00:00:00Z,0.4092,0.2797,0.1953,0.9494,3,primary_leads,0.2857,32,0.5625,0.0064,0.094649,0.035823,0.24952,0.451179,0.008661,0.1536,0.366
PAYROLLS-AUG-2026-ABOVE-225K,GDP-Q3-2026-ABOVE-2_5,4,0.5487,1.0,0.24,0.385,0.5822,0.4865,labor market,economic growth,economic growth,False,,economic|growth|print,160,2026-01-01T00:00:00Z,2026-06-09T00:00:00Z,0.9144,0.4865,0.2878,0.9422,0,synchronous,0.4865,32,0.8438,-0.0051,0.042296,0.030482,0.929061,0.003496,0.017756,0.426,0.5937
PAYROLLS-AUG-2026-ABOVE-225K,GDP-Q4-2026-NEGATIVE,5,0.4614,1.0,0.16,0.2923,0.3625,-0.3468,labor market,economic growth,economic growth,False,,economic|growth,160,2026-01-01T00:00:00Z,2026-06-09T00:00:00Z,-0.8401,-0.3468,-0.1452,0.9043,0,synchronous,-0.3468,32,0.25,0.0046,0.249245,0.053279,-1.310224,1.132977,-0.106942,-1.2477,0.3178
RECESSION-BY-2026-END,SOFT-LANDING-THROUGH-2026,1,0.8515,1.0,1.0,0.6419,1.0,-0.486,economic growth,economic growth,economic growth,False,cluster_001,economic|economy|growth|outlook|recession,160,2026-01-01T00:00:00Z,2026-06-09T00:00:00Z,-0.9696,-0.486,-0.1905,0.7875,2,primary_leads,-0.489,32,0.2188,-0.0017,0.284558,0.054801,-0.743034,0.802593,-0.006316,-0.2075,0.4066
RECESSION-BY-2026-END,GDP-Q4-2026-NEGATIVE,2,0.761,1.0,1.0,0.3657,0.8689,0.62,economic growth,economic growth,economic growth,False,cluster_001,economic|growth|recession,160,2026-01-01T00:00:00Z,2026-06-09T00:00:00Z,0.9904,0.62,0.2527,0.9722,1,primary_leads,0.628,32,0.875,0.0027,0.022662,0.029353,0.964027,-0.001884,-0.05444,-2.4862,0.6985
RECESSION-BY-2026-END,GDP-Q3-2026-ABOVE-2_5,3,0.6779,1.0,1.0,0.3146,0.5164,-0.3903,economic growth,economic growth,economic growth,False,cluster_001,economic|growth,160,2026-01-01T00:00:00Z,2026-06-09T00:00:00Z,-0.9345,-0.3903,-0.0904,0.8253,0,synchronous,-0.3903,32,0.2812,0.0003,0.261099,0.052046,-0.592655,0.77096,-0.026653,-0.7275,0.3576
RECESSION-BY-2026-END,CURVE-Q4-2026-STEEPEN,4,0.583,1.0,0.42,0.2539,0.8583,0.4285,economic growth,economic growth,economic growth,False,cluster_001,economic|growth|outlook,160,2026-01-01T00:00:00Z,2026-06-09T00:00:00Z,0.9124,0.4285,0.1857,0.8295,3,primary_leads,0.4711,32,0.7812,-0.0065,0.080451,0.033423,0.577439,0.185986,-0.044123,-1.0494,0.545
RECESSION-BY-2026-END,UNEMPLOYMENT-SEP-2026-ABOVE-4_5,5,0.4443,1.0,0.16,0.1281,0.4414,0.6111,economic growth,labor market,economic growth,False,,economic|growth,160,2026-01-01T00:00:00Z,2026-06-09T00:00:00Z,0.9518,0.6111,0.1665,0.9444,0,synchronous,0.6111,32,0.7812,0.0018,0.053102,0.029364,0.797828,0.046412,0.00591,0.1416,0.6621
SOFT-LANDING-THROUGH-2026,RECESSION-BY-2026-END,1,0.8515,1.0,1.0,0.6419,1.0,-0.486,economic growth,economic growth,economic growth,False,cluster_001,economic|economy|growth|outlook|recession,160,2026-01-01T00:00:00Z,2026-06-09T00:00:00Z,-0.9696,-0.486,-0.1905,0.7875,2,primary_leads,-0.489,32,0.125,-0.0002,0.284558,0.054801,-1.265234,1.040003,-0.003262,-0.0821,0.3785
SOFT-LANDING-THROUGH-2026,GDP-Q4-2026-NEGATIVE,2,0.7387,1.0,1.0,0.3445,0.8689,-0.4218,economic growth,economic growth,economic growth,False,cluster_001,economic|growth|recession,160,2026-01-01T00:00:00Z,2026-06-09T00:00:00Z,-0.9683,-0.4218,-0.1401,0.8907,0,synchronous,-0.4218,32,0.1875,-0.0059,0.280181,0.053029,-1.230014,1.005835,-0.058254,-1.4769,0.3515
SOFT-LANDING-THROUGH-2026,GDP-Q3-2026-ABOVE-2_5,3,0.6799,1.0,1.0,0.3106,0.5164,0.4307,economic growth,economic growth,economic growth,False,cluster_001,economic|growth,160,2026-01-01T00:00:00Z,2026-06-09T00:00:00Z,0.962,0.4307,0.1173,0.9539,1,primary_leads,0.4331,32,0.8438,0.0031,0.037853,0.030872,0.796109,0.131551,-0.021713,-0.7727,0.5552
SOFT-LANDING-THROUGH-2026,CURVE-Q4-2026-STEEPEN,4,0.5409,1.0,0.42,0.1867,0.8583,-0.1539,economic growth,economic growth,economic growth,False,cluster_001,economic|growth|outlook,160,2026-01-01T00:00:00Z,2026-06-09T00:00:00Z,-0.8823,-0.1539,0.1212,0.9759,3,primary_leads,-0.1858,32,0.375,-0.0042,0.220395,0.043506,-0.728642,0.785551,-0.04588,-0.9488,0.2282
SOFT-LANDING-THROUGH-2026,UNEMPLOYMENT-SEP-2026-ABOVE-4_5,5,0.4311,1.0,0.16,0.1315,0.4414,-0.4334,economic growth,labor market,economic growth,False,,economic|growth,160,2026-01-01T00:00:00Z,2026-06-09T00:00:00Z,-0.9202,-0.4334,-0.1625,0.8078,1,primary_leads,-0.4358,32,0.1875,0.0002,0.255217,0.052546,-1.006582,0.874732,0.003493,0.0656,0.3602
UNEMPLOYMENT-SEP-2026-ABOVE-4_5,LFPR-SEP-2026-ABOVE-62_8,1,0.7957,1.0,1.0,0.5196,1.0,-0.2473,labor market,labor market,economic growth|jobs|labor market,False,cluster_004,economic|growth|jobs|labor|market|print|report,160,2026-01-01T00:00:00Z,2026-06-09T00:00:00Z,-0.9109,-0.2473,-0.041,0.9486,1,primary_leads,-0.258,32,0.3125,-0.0038,0.196525,0.046204,-0.431079,0.67999,-0.003733,-0.1405,0.2696
UNEMPLOYMENT-SEP-2026-ABOVE-4_5,PAYROLLS-AUG-2026-ABOVE-225K,2,0.7261,1.0,1.0,0.3822,0.7354,-0.3562,labor market,labor market,economic growth|jobs|labor market,False,cluster_004,economic|growth|jobs|labor|market|print|report,160,2026-01-01T00:00:00Z,2026-06-09T00:00:00Z,-0.9067,-0.3562,-0.1382,0.8935,0,synchronous,-0.3562,32,0.1562,-0.0016,0.231892,0.052792,-0.675098,0.816717,-0.051651,-1.2088,0.2962
UNEMPLOYMENT-SEP-2026-ABOVE-4_5,WAGE-GROWTH-AUG-2026-ABOVE-4,3,0.6665,1.0,1.0,0.2499,0.7354,-0.1068,labor market,inflation,jobs|labor market,False,,growth|jobs|labor|market|report,160,2026-01-01T00:00:00Z,2026-06-09T00:00:00Z,-0.3982,-0.1068,-0.0534,0.8828,0,synchronous,-0.1068,32,0.4375,0.0036,0.170367,0.045054,-0.1808,0.659576,-0.003376,-0.0596,0.206
UNEMPLOYMENT-SEP-2026-ABOVE-4_5,GDP-Q3-2026-ABOVE-2_5,4,0.5757,1.0,0.24,0.4244,0.7477,-0.3867,labor market,economic growth,economic growth,False,,economic|growth|print,160,2026-01-01T00:00:00Z,2026-06-09T00:00:00Z,-0.9099,-0.3867,-0.0938,0.8815,0,synchronous,-0.3867,32,0.25,-0.0012,0.233665,0.050705,-0.688405,0.785119,-0.026014,-0.6093,0.3457
UNEMPLOYMENT-SEP-2026-ABOVE-4_5,GDP-Q4-2026-NEGATIVE,5,0.4936,1.0,0.16,0.3027,0.4166,0.6157,labor market,economic growth,economic growth,False,,economic|growth,160,2026-01-01T00:00:00Z,2026-06-09T00:00:00Z,0.9429,0.6157,0.252,0.9684,2,primary_leads,0.624,32,0.8438,-0.0015,0.054182,0.028872,1.094951,-0.015649,-0.053768,-1.0218,0.6862
US10Y-Q2-2026-ABOVE-4_5,US2Y-Q3-2026-ABOVE-4_75,1,0.8283,1.0,1.0,0.794,0.4228,0.6364,monetary policy,monetary policy,interest rates|monetary policy,False,cluster_005,interest|monetary|policy|rates|treasury|year|yield|yields,160,2026-01-01T00:00:00Z,2026-06-09T00:00:00Z,0.9756,0.6364,0.151,0.975,3,primary_leads,0.6624,32,0.75,0.0037,0.023644,0.030283,1.047176,-0.03042,-0.002596,-0.112,0.677
US10Y-Q2-2026-ABOVE-4_5,CURVE-Q4-2026-STEEPEN,2,0.6158,1.0,1.0,0.266,0.2802,0.2094,monetary policy,economic growth,interest rates,False,,10y|interest|rates|treasury|year|yield|yields,160,2026-01-01T00:00:00Z,2026-06-09T00:00:00Z,0.1095,0.2094,0.2292,0.8564,3,primary_leads,0.2212,32,0.6875,0.0019,0.13418,0.039978,0.11447,0.348439,-0.00405,-0.0397,0.3558
US10Y-Q2-2026-ABOVE-4_5,FED-JUN-2026-HIKE,3,0.5955,1.0,0.5,0.1995,0.8474,0.5873,monetary policy,federal reserve,interest rates|monetary policy,False,,interest|monetary|policy|rates,160,2026-01-01T00:00:00Z,2026-06-09T00:00:00Z,0.9467,0.5873,0.1797,0.9954,3,primary_leads,0.5905,32,0.625,0.0111,0.033793,0.031161,0.782797,0.097105,-0.021037,-0.8032,0.5994
US10Y-Q2-2026-ABOVE-4_5,CPI-MAY-2026-HOT,4,0.5732,1.0,0.24,0.3449,0.7768,0.6024,monetary policy,inflation,interest rates,False,,interest|rates|year,160,2026-01-01T00:00:00Z,2026-06-09T00:00:00Z,0.9079,0.6024,0.1747,0.9952,3,primary_leads,0.605,32,0.5,0.0027,0.041274,0.03006,0.801597,0.091821,0.011075,0.3045,0.5723
US10Y-Q2-2026-ABOVE-4_5,CORE-CPI-JUN-2026-ABOVE-3_5,5,0.5585,1.0,0.16,0.3338,0.8311,0.5849,monetary policy,inflation,interest rates,False,,interest|rates,160,2026-01-01T00:00:00Z,2026-06-09T00:00:00Z,0.9159,0.5849,0.1243,0.9925,3,primary_leads,0.5982,32,0.5625,0.0021,0.039452,0.031962,0.83902,0.079248,0.021766,0.6023,0.5815
US2Y-Q3-2026-ABOVE-4_75,US10Y-Q2-2026-ABOVE-4_5,1,0.8283,1.0,1.0,0.794,0.4228,0.6364,monetary policy,monetary policy,interest rates|monetary policy,False,cluster_005,interest|monetary|policy|rates|treasury|year|yield|yields,160,2026-01-01T00:00:00Z,2026-06-09T00:00:00Z,0.9756,0.6364,0.151,0.975,3,primary_leads,0.6624,32,0.5938,0.012,0.023644,0.030283,0.908849,0.058904,0.00469,0.2171,0.6301
US2Y-Q3-2026-ABOVE-4_75,CURVE-Q4-2026-STEEPEN,2,0.6373,1.0,1.0,0.2596,0.4696,0.1707,monetary policy,economic growth,interest rates,False,,interest|rates|treasury|year|yield|yields,160,2026-01-01T00:00:00Z,2026-06-09T00:00:00Z,0.139,0.1707,0.223,0.9459,2,primary_leads,0.1859,32,0.6562,0.0078,0.136649,0.041399,0.135367,0.334892,-0.005016,-0.0493,0.3202
US2Y-Q3-2026-ABOVE-4_75,FED-SEP-2026-CUT,3,0.5764,1.0,0.5,0.2889,0.8514,-0.0066,monetary policy,federal reserve,interest rates|monetary policy,False,,interest|monetary|policy|rates,160,2026-01-01T00:00:00Z,2026-06-09T00:00:00Z,-0.3481,-0.0066,-0.0739,0.8807,3,primary_leads,-0.0097,32,0.5312,0.0046,0.163593,0.045726,-0.308648,0.537061,0.035223,0.4016,0.1648
US2Y-Q3-2026-ABOVE-4_75,FED-DEC-2026-TERMINAL-ABOVE-5,4,0.559,1.0,0.5,0.2329,0.5103,0.5957,monetary policy,federal reserve,interest rates|monetary policy,False,,interest|monetary|policy|rates,160,2026-01-01T00:00:00Z,2026-06-09T00:00:00Z,0.9363,0.5957,0.0783,0.9961,2,primary_leads,0.6046,32,0.5625,0.0038,0.040279,0.030491,0.736799,0.125774,-0.055099,-1.8887,0.588
US2Y-Q3-2026-ABOVE-4_75,FED-JUN-2026-HIKE,5,0.5327,1.0,0.5,0.1997,0.3819,0.6171,monetary policy,federal reserve,interest rates|monetary policy,False,,interest|monetary|policy|rates,160,2026-01-01T00:00:00Z,2026-06-09T00:00:00Z,0.9396,0.6171,0.1893,0.9906,2,primary_leads,0.636,32,0.5938,0.0038,0.040286,0.030339,0.723841,0.135187,-0.01796,-0.6457,0.6148
WAGE-GROWTH-AUG-2026-ABOVE-4,PAYROLLS-AUG-2026-ABOVE-225K,1,0.7164,1.0,1.0,0.2466,1.0,0.2797,inflation,labor market,jobs|labor market,False,,growth|jobs|labor|market|report,160,2026-01-01T00:00:00Z,2026-06-09T00:00:00Z,0.4092,0.2797,0.1953,0.9494,3,primary_leads,0.2857,32,0.5938,0.0031,0.094649,0.035823,0.670927,0.167473,-0.087551,-0.9471,0.3754
WAGE-GROWTH-AUG-2026-ABOVE-4,UNEMPLOYMENT-SEP-2026-ABOVE-4_5,2,0.6685,1.0,1.0,0.2566,0.7354,-0.1068,inflation,labor market,jobs|labor market,False,,growth|jobs|labor|market|report,160,2026-01-01T00:00:00Z,2026-06-09T00:00:00Z,-0.3982,-0.1068,-0.0534,0.8828,0,synchronous,-0.1068,32,0.4688,0.0062,0.170367,0.045054,-0.87694,0.892498,0.055029,0.4409,0.2154
WAGE-GROWTH-AUG-2026-ABOVE-4,LFPR-SEP-2026-ABOVE-62_8,3,0.6601,1.0,1.0,0.2462,0.7354,-0.0405,inflation,labor market,jobs|labor market,False,,growth|jobs|labor|market|report,160,2026-01-01T00:00:00Z,2026-06-09T00:00:00Z,0.3139,-0.0405,-0.1313,0.9368,2,primary_leads,-0.0453,32,0.4688,-0.0064,0.073935,0.038726,0.327131,0.325389,-0.028261,-0.4622,0.1702
WAGE-GROWTH-AUG-2026-ABOVE-4,CPI-MAY-2026-HOT,4,0.561,1.0,0.42,0.3515,0.4247,0.5459,inflation,inflation,inflation,False,cluster_003,inflation|over|year,160,2026-01-01T00:00:00Z,2026-06-09T00:00:00Z,0.8434,0.5459,0.2624,0.9742,1,primary_leads,0.555,32,0.625,0.0037,0.048004,0.02872,1.184874,-0.090718,0.068546,1.4701,0.5719
WAGE-GROWTH-AUG-2026-ABOVE-4,CORE-PCE-JUL-2026-ABOVE-3,5,0.5595,1.0,0.26,0.2746,0.9196,0.3899,inflation,inflation,inflation,False,cluster_003,inflation,160,2026-01-01T00:00:00Z,2026-06-09T00:00:00Z,0.8373,0.3899,0.1464,0.965,3,primary_leads,0.404,32,0.625,0.0054,0.042384,0.032481,1.048128,-0.01975,0.043742,1.0346,0.4639
